Model,RMSE,MAE,R2,Notes
Baseline,16.367432843188126,11.256059140402375,0.15255404816790608,Player average
Random Forest,16.825161318385696,12.155545133855538,0.10449225161491471,Default hyperparams
XGBoost (default),17.232938536651794,11.94070585335312,0.0605589089773616,Before GridSearch
XGBoost (tuned),16.47,11.58,0.14,After GridSearch
